{
    "config": {
        "_map": {
            "datasets": "PTC",
            "gpu": 4,
            "lr": 0.001,
            "epochs": 10,
            "batch_size": 128,
            "hidden_size": 64,
            "gnn_type": "gin",
            "num_gnn": 3,
            "verbose": true,
            "model": "REDRAFT",
            "k_cross": 1,
            "vaild_epoch": 17,
            "seed": 2,
            "doc": null,
            "pGin": false,
            "share_attention": true,
            "graph_level_pooling": "sum",
            "node_level_pooling": "none"
        },
        "_dynamic": true,
        "_prevent_method_masking": false
    },
    "0": {
        "train mse": 0.0032061585277762174
    },
    "1": {
        "train mse": 0.00140080784418738
    },
    "2": {
        "train mse": 0.0013212296389062967
    },
    "3": {
        "train mse": 0.0012503681532233528
    },
    "4": {
        "train mse": 0.001216882741266682
    },
    "5": {
        "train mse": 0.001203777532742628
    },
    "6": {
        "train mse": 0.0011691226189498823
    },
    "7": {
        "train mse": 0.0011424312540905055
    },
    "8": {
        "train mse": 0.0011363757017884876
    },
    "9": {
        "train mse": 0.001141033063997537
    },
    "test": {
        "mse": 1.0401838226243854
    },
    "used time": "0:05:42.617016"
}