{
    "time0": 128.06067037582397,
    "time1": 126.91057062149048,
    "time2": 127.40516233444214,
    "avg_time": 127.45880111058553,
    "std_time": 0.4710556937766579
}