{
    "config": {
        "_map": {
            "datasets": "NCI109",
            "gpu": 6,
            "lr": 0.001,
            "epochs": 10,
            "batch_size": 128,
            "hidden_size": 64,
            "gnn_type": "gin",
            "num_gnn": 3,
            "verbose": true,
            "model": "GEM_fusion",
            "k_cross": 1,
            "vaild_epoch": 9,
            "seed": 2,
            "doc": null,
            "pGin": false,
            "share_attention": true,
            "graph_level_pooling": "sum",
            "node_level_pooling": null,
            "fusion": "minkowski",
            "p": 2
        },
        "_dynamic": true,
        "_prevent_method_masking": false
    },
    "0": {
        "train mse": 0.0013304156946931582
    },
    "1": {
        "train mse": 0.000840663500091596
    },
    "2": {
        "train mse": 0.0007578466679679117
    },
    "3": {
        "train mse": 0.0007154405766867005
    },
    "4": {
        "train mse": 0.0006883219472233852
    },
    "5": {
        "train mse": 0.0006685930043335316
    },
    "6": {
        "train mse": 0.0006528312683615072
    },
    "7": {
        "train mse": 0.0006407925874752095
    },
    "8": {
        "train mse": 0.0006306534724082259
    },
    "9": {
        "train mse": 0.0006217594777332923
    },
    "test": {
        "mse": 3.4784080926328897
    },
    "used time": "6:43:36.928148"
}