{
    "config": {
        "_map": {
            "datasets": "NCI109",
            "gpu": 2,
            "lr": 0.001,
            "epochs": 10,
            "batch_size": 128,
            "verbose": true,
            "model": "simgnn",
            "k_cross": 1,
            "vaild_epoch": 9,
            "seed": 2
        },
        "_dynamic": true,
        "_prevent_method_masking": false
    },
    "0": {
        "train mse": 0.000995555307250156
    },
    "1": {
        "train mse": 0.0008861453498042873
    },
    "2": {
        "train mse": 0.0008547311618034168
    },
    "3": {
        "train mse": 0.0008354627835398084
    },
    "4": {
        "train mse": 0.0008291367442107852
    },
    "5": {
        "train mse": 0.0007987945401954123
    },
    "6": {
        "train mse": 0.0007937779635664575
    },
    "7": {
        "train mse": 0.0007760357146706178
    },
    "8": {
        "train mse": 0.0007524252381553519
    },
    "9": {
        "train mse": 0.0007382330099641631
    },
    "test": {
        "mse": 3.649697871878743
    },
    "used time": "4:34:38.914557"
}