{
    "time0": 168.39103746414185,
    "time1": 165.76255798339844,
    "time2": 163.5700352191925,
    "avg_time": 165.90787688891092,
    "std_time": 1.9708464932064358
}