{
    "config": {
        "_map": {
            "datasets": "AIDS700nef",
            "gpu": 1,
            "lr": 0.001,
            "epochs": 18,
            "batch_size": 128,
            "hidden_size": 64,
            "gnn_type": "gin",
            "num_gnn": 3,
            "verbose": true,
            "model": "GEM_fusion",
            "k_cross": 1,
            "vaild_epoch": 17,
            "seed": 2,
            "doc": null,
            "pGin": false,
            "share_attention": true,
            "graph_level_pooling": "sum",
            "node_level_pooling": null,
            "fusion": "minkowski",
            "p": 2
        },
        "_dynamic": true,
        "_prevent_method_masking": false
    },
    "0": {
        "train mse": 0.004336263980051912
    },
    "1": {
        "train mse": 0.001967378770355122
    },
    "2": {
        "train mse": 0.0016608943395685347
    },
    "3": {
        "train mse": 0.0015019081468204951
    },
    "4": {
        "train mse": 0.0013845918084760861
    },
    "5": {
        "train mse": 0.0012810006365838492
    },
    "6": {
        "train mse": 0.0012140102683484792
    },
    "7": {
        "train mse": 0.0011492686967842923
    },
    "8": {
        "train mse": 0.0010960983729396527
    },
    "9": {
        "train mse": 0.001048058635934085
    },
    "10": {
        "train mse": 0.0010107936022449974
    },
    "11": {
        "train mse": 0.0009789936338785018
    },
    "12": {
        "train mse": 0.0009486235137189724
    },
    "13": {
        "train mse": 0.0009214059767827252
    },
    "14": {
        "train mse": 0.0008989894051227024
    },
    "15": {
        "train mse": 0.0008757281244362342
    },
    "16": {
        "train mse": 0.000857059000903488
    },
    "17": {
        "train mse": 0.0008407552050615028
    },
    "test": {
        "mse": 1.4966336311772466
    },
    "used time": "0:20:16.510393"
}