{
    "time0": 5.730609655380249,
    "time1": 4.663908004760742,
    "time2": 4.668256521224976,
    "avg_time": 5.020924727121989,
    "std_time": 0.5018261654175735
}