{
    "time0": 8.205273389816284,
    "time1": 7.6905200481414795,
    "time2": 7.509306192398071,
    "avg_time": 7.801699876785278,
    "std_time": 0.29480309891348244
}