{
    "config": {
        "_map": {
            "datasets": "AIDS700nef",
            "gpu": 0,
            "lr": 0.001,
            "epochs": 18,
            "batch_size": 128,
            "hidden_channels": 64,
            "gmn_num": 4,
            "verbose": true,
            "model": "gmn",
            "k_cross": 1,
            "vaild_epoch": 17,
            "seed": 2
        },
        "_dynamic": true,
        "_prevent_method_masking": false
    },
    "0": {
        "train mse": 0.004744207233925329
    },
    "1": {
        "train mse": 0.002279271249759988
    },
    "2": {
        "train mse": 0.0018811762824494519
    },
    "3": {
        "train mse": 0.0016498597693106833
    },
    "4": {
        "train mse": 0.0015378587184378646
    },
    "5": {
        "train mse": 0.0014282487291623883
    },
    "6": {
        "train mse": 0.0013767010820192097
    },
    "7": {
        "train mse": 0.001303770640602253
    },
    "8": {
        "train mse": 0.001239861996943689
    },
    "9": {
        "train mse": 0.0011891534569199813
    },
    "10": {
        "train mse": 0.0011493098310281357
    },
    "11": {
        "train mse": 0.0010776771089393697
    },
    "12": {
        "train mse": 0.0010485614142924321
    },
    "13": {
        "train mse": 0.0010252034652858642
    },
    "14": {
        "train mse": 0.0009716698677671439
    },
    "15": {
        "train mse": 0.0009525179513434638
    },
    "16": {
        "train mse": 0.0009214063015468608
    },
    "17": {
        "train mse": 0.0009134359367106021
    },
    "test": {
        "mse": 1.2935277773067355
    },
    "used time": "0:16:16.863993"
}