{
    "time0": 3.7913317680358887,
    "time1": 2.8552067279815674,
    "time2": 2.9034879207611084,
    "avg_time": 3.183342138926188,
    "std_time": 0.43036520167780545
}