{
    "time0": 27.414759874343872,
    "time1": 27.136170387268066,
    "time2": 27.80587863922119,
    "avg_time": 27.452269633611042,
    "std_time": 0.27469076214747185
}