{
    "config": {
        "_map": {
            "datasets": "IMDBMulti",
            "gpu": 0,
            "lr": 0.001,
            "epochs": 18,
            "batch_size": 128,
            "verbose": true,
            "model": "EGSCT_generator",
            "k_cross": 1,
            "vaild_epoch": 17,
            "seed": 2
        },
        "_dynamic": true,
        "_prevent_method_masking": false
    },
    "0": {
        "train mse": 0.08583718532368807
    },
    "1": {
        "train mse": 0.003997147565608678
    },
    "2": {
        "train mse": 0.0014050864147602034
    },
    "3": {
        "train mse": 0.0012234591005621852
    },
    "4": {
        "train mse": 0.0009747571286231515
    },
    "5": {
        "train mse": 0.0006893462838721683
    },
    "6": {
        "train mse": 0.000672342901173723
    },
    "7": {
        "train mse": 0.0005392455045035201
    },
    "8": {
        "train mse": 0.00048282319851492564
    },
    "9": {
        "train mse": 0.0004505387195330259
    },
    "10": {
        "train mse": 0.0003811986329229121
    },
    "11": {
        "train mse": 0.00037982821795022706
    },
    "12": {
        "train mse": 0.0003515361962856525
    },
    "13": {
        "train mse": 0.000347534120089707
    },
    "14": {
        "train mse": 0.00037697480501290814
    },
    "15": {
        "train mse": 0.0003208091954573289
    },
    "16": {
        "train mse": 0.000303726681471805
    },
    "17": {
        "train mse": 0.00029311887158738075
    },
    "test": {
        "mse": 0.4305405600462109
    },
    "used time": "1:35:12.592146"
}