{
    "time0": 32.740808963775635,
    "time1": 32.676276445388794,
    "time2": 32.62643337249756,
    "avg_time": 32.681172927220665,
    "std_time": 0.046821829814733124
}