{
    "config": {
        "_map": {
            "datasets": "LINUX",
            "gpu": 5,
            "lr": 0.001,
            "epochs": 18,
            "batch_size": 128,
            "verbose": true,
            "model": "simgnn",
            "k_cross": 1,
            "vaild_epoch": 17,
            "seed": 2
        },
        "_dynamic": true,
        "_prevent_method_masking": false
    },
    "0": {
        "train mse": 0.023890750041268595
    },
    "1": {
        "train mse": 0.004602965654352057
    },
    "2": {
        "train mse": 0.0031698149651036706
    },
    "3": {
        "train mse": 0.002410937100441956
    },
    "4": {
        "train mse": 0.0018915020621693244
    },
    "5": {
        "train mse": 0.0015867129226479716
    },
    "6": {
        "train mse": 0.0013671889889573462
    },
    "7": {
        "train mse": 0.0012765540930098523
    },
    "8": {
        "train mse": 0.0011069619820862605
    },
    "9": {
        "train mse": 0.0010299926384580924
    },
    "10": {
        "train mse": 0.0009650016113655682
    },
    "11": {
        "train mse": 0.0009296816552242107
    },
    "12": {
        "train mse": 0.0008727531321487468
    },
    "13": {
        "train mse": 0.0008456986935299726
    },
    "14": {
        "train mse": 0.0008325778863685278
    },
    "15": {
        "train mse": 0.0007786066909724568
    },
    "16": {
        "train mse": 0.0007517676004205314
    },
    "17": {
        "train mse": 0.0007232555518778676
    },
    "test": {
        "mse": 0.9222814114764333
    },
    "used time": "0:24:52.150252"
}