{
    "time0": 11.230709075927734,
    "time1": 10.193334341049194,
    "time2": 10.479323387145996,
    "avg_time": 10.634455601374308,
    "std_time": 0.4374822572094511
}