{
    "config": {
        "_map": {
            "datasets": "PTC",
            "gpu": 7,
            "lr": 0.001,
            "epochs": 10,
            "batch_size": 128,
            "hidden_size": 64,
            "gnn_type": "gin",
            "num_gnn": 3,
            "verbose": true,
            "model": "GEM_fusion",
            "k_cross": 1,
            "vaild_epoch": 9,
            "seed": 2,
            "doc": null,
            "pGin": false,
            "share_attention": true,
            "graph_level_pooling": "sum",
            "node_level_pooling": null,
            "fusion": "ntn"
        },
        "_dynamic": true,
        "_prevent_method_masking": false
    },
    "0": {
        "train mse": 0.014905390526022178
    },
    "1": {
        "train mse": 0.009308961295124412
    },
    "2": {
        "train mse": 0.007529692015335727
    },
    "3": {
        "train mse": 0.006699064083071987
    },
    "4": {
        "train mse": 0.005845917042005381
    },
    "5": {
        "train mse": 0.005222122338866949
    },
    "6": {
        "train mse": 0.004848797417790012
    },
    "7": {
        "train mse": 0.004540940097965166
    },
    "8": {
        "train mse": 0.004547673093115754
    },
    "9": {
        "train mse": 0.004093436020740633
    },
    "test": {
        "mse": 5.964534357190132
    },
    "used time": "0:04:34.628994"
}