{
    "time0": 6.655117511749268,
    "time1": 5.790961503982544,
    "time2": 5.8302130699157715,
    "avg_time": 6.092097361882527,
    "std_time": 0.3984377309978121
}