{
    "config": {
        "_map": {
            "datasets": "AIDS700nef",
            "gpu": 0,
            "lr": 0.001,
            "epochs": 18,
            "batch_size": 128,
            "verbose": true,
            "model": "EGSCT_generator",
            "k_cross": 1,
            "vaild_epoch": 17,
            "seed": 2
        },
        "_dynamic": true,
        "_prevent_method_masking": false
    },
    "0": {
        "train mse": 0.03455714234998524
    },
    "1": {
        "train mse": 0.005549644923041574
    },
    "2": {
        "train mse": 0.0045618553590360406
    },
    "3": {
        "train mse": 0.0039397009005608
    },
    "4": {
        "train mse": 0.0033102710106618772
    },
    "5": {
        "train mse": 0.0028290588163383756
    },
    "6": {
        "train mse": 0.002530103719298896
    },
    "7": {
        "train mse": 0.002298463436662124
    },
    "8": {
        "train mse": 0.0021035591353719043
    },
    "9": {
        "train mse": 0.001944311428393026
    },
    "10": {
        "train mse": 0.0017551692660919581
    },
    "11": {
        "train mse": 0.0016826456274646128
    },
    "12": {
        "train mse": 0.0015951668341074104
    },
    "13": {
        "train mse": 0.001658073781707214
    },
    "14": {
        "train mse": 0.0014595478115737724
    },
    "15": {
        "train mse": 0.0013869134607934883
    },
    "16": {
        "train mse": 0.001332683966502188
    },
    "17": {
        "train mse": 0.0012710507412676101
    },
    "test": {
        "mse": 1.5954291447997093
    },
    "used time": "0:16:19.975324"
}