{
    "time0": 18.019396781921387,
    "time1": 16.62513041496277,
    "time2": 17.195711612701416,
    "avg_time": 17.28007960319519,
    "std_time": 0.572324583823413
}