{
    "time0": 3.1283762454986572,
    "time1": 2.2320008277893066,
    "time2": 2.206958055496216,
    "avg_time": 2.52244504292806,
    "std_time": 0.428580021153202
}