{
    "time0": 88.5786063671112,
    "time1": 86.17483758926392,
    "time2": 86.04096961021423,
    "avg_time": 86.93147118886311,
    "std_time": 1.1659819554122555
}