{
    "config": {
        "_map": {
            "datasets": "IMDBMulti",
            "gpu": 1,
            "lr": 0.001,
            "epochs": 18,
            "batch_size": 128,
            "verbose": true,
            "model": "graphsim",
            "padding": 90,
            "reshape": 54,
            "k_cross": 1,
            "vaild_epoch": 17,
            "seed": 2
        },
        "_dynamic": true,
        "_prevent_method_masking": false
    },
    "0": {
        "train mse": 0.003021229121326348
    },
    "1": {
        "train mse": 0.0010141661256993346
    },
    "2": {
        "train mse": 0.0008258810127058344
    },
    "3": {
        "train mse": 0.0006560873736756507
    },
    "4": {
        "train mse": 0.0005680953089910714
    },
    "5": {
        "train mse": 0.000508858945884289
    },
    "6": {
        "train mse": 0.0004611942573300282
    },
    "7": {
        "train mse": 0.00043635039180799177
    },
    "8": {
        "train mse": 0.0004079675210398386
    },
    "9": {
        "train mse": 0.0003855300441101812
    },
    "10": {
        "train mse": 0.0003729318361975173
    },
    "11": {
        "train mse": 0.00035000042416108196
    },
    "12": {
        "train mse": 0.00035036822527849886
    },
    "13": {
        "train mse": 0.00033310958688723797
    },
    "14": {
        "train mse": 0.00033231450057940893
    },
    "15": {
        "train mse": 0.0003198797107822492
    },
    "16": {
        "train mse": 0.00031055275966401785
    },
    "17": {
        "train mse": 0.00031080986933843137
    },
    "test": {
        "mse": 0.5146271432749927
    },
    "used time": "4:38:43.632873"
}