{
    "config": {
        "_map": {
            "datasets": "AIDS700nef",
            "gpu": 1,
            "lr": 0.001,
            "epochs": 18,
            "batch_size": 128,
            "verbose": true,
            "model": "simgnn",
            "k_cross": 1,
            "vaild_epoch": 17,
            "seed": 2
        },
        "_dynamic": true,
        "_prevent_method_masking": false
    },
    "0": {
        "train mse": 0.00518372289671281
    },
    "1": {
        "train mse": 0.0029963398432633296
    },
    "2": {
        "train mse": 0.0027404540627681533
    },
    "3": {
        "train mse": 0.002571441266250792
    },
    "4": {
        "train mse": 0.0024847089572309195
    },
    "5": {
        "train mse": 0.0023960662487201374
    },
    "6": {
        "train mse": 0.002353811843649628
    },
    "7": {
        "train mse": 0.002271214980166743
    },
    "8": {
        "train mse": 0.0022354408548374955
    },
    "9": {
        "train mse": 0.002165274119703268
    },
    "10": {
        "train mse": 0.002129421805656644
    },
    "11": {
        "train mse": 0.002082787713762292
    },
    "12": {
        "train mse": 0.0020450919338429728
    },
    "13": {
        "train mse": 0.0019873614826758325
    },
    "14": {
        "train mse": 0.0019419158833284414
    },
    "15": {
        "train mse": 0.0019145233515177958
    },
    "16": {
        "train mse": 0.0018679736471823413
    },
    "17": {
        "train mse": 0.0018323402873515959
    },
    "test": {
        "mse": 2.0569527987390757
    },
    "used time": "0:11:22.958978"
}