{
    "time0": 6.0960047245025635,
    "time1": 5.234585285186768,
    "time2": 5.320072650909424,
    "avg_time": 5.550220886866252,
    "std_time": 0.38750227568649176
}