{
    "time0": 3.154120922088623,
    "time1": 2.3712966442108154,
    "time2": 2.2825300693511963,
    "avg_time": 2.602649211883545,
    "std_time": 0.3916296393026302
}