{
    "config": {
        "_map": {
            "datasets": "PTC",
            "gpu": 1,
            "lr": 0.001,
            "epochs": 18,
            "batch_size": 128,
            "verbose": false,
            "model": "gmn",
            "hidden_channels": 64,
            "gmn_num": 4,
            "k_cross": 1,
            "vaild_epoch": 17,
            "seed": 2
        },
        "_dynamic": true,
        "_prevent_method_masking": false
    },
    "0": {
        "train mse": 0.008535949406017694
    },
    "1": {
        "train mse": 0.004711610775269815
    },
    "2": {
        "train mse": 0.003209734983890912
    },
    "3": {
        "train mse": 0.0026529727251891674
    },
    "4": {
        "train mse": 0.0023402749528864354
    },
    "5": {
        "train mse": 0.0021529932766213046
    },
    "6": {
        "train mse": 0.0021009334359186173
    },
    "7": {
        "train mse": 0.0019680924286872305
    },
    "8": {
        "train mse": 0.0018318987101546478
    },
    "9": {
        "train mse": 0.0018838431887084573
    },
    "10": {
        "train mse": 0.0018074657339869201
    },
    "11": {
        "train mse": 0.0017324050813731008
    },
    "12": {
        "train mse": 0.001628794346189867
    },
    "13": {
        "train mse": 0.0016787274598974332
    },
    "14": {
        "train mse": 0.0016026062282862659
    },
    "15": {
        "train mse": 0.0015790390567110672
    },
    "16": {
        "train mse": 0.0014768930499901973
    },
    "17": {
        "train mse": 0.0015521491078255944
    },
    "test": {
        "mse": 2.1338295191526413
    },
    "used time": "0:04:28.835963"
}