{
    "time0": 12.78007984161377,
    "time1": 12.028158187866211,
    "time2": 12.053240060806274,
    "avg_time": 12.287159363428751,
    "std_time": 0.3486977903076487
}