{
    "time0": 2.573495388031006,
    "time1": 1.6943516731262207,
    "time2": 1.6571588516235352,
    "avg_time": 1.9750019709269206,
    "std_time": 0.423471057043671
}