{
    "config": {
        "_map": {
            "datasets": "PTC",
            "gpu": 0,
            "lr": 0.001,
            "epochs": 18,
            "batch_size": 128,
            "verbose": false,
            "model": "EGSCT_generator",
            "k_cross": 1,
            "vaild_epoch": 17,
            "seed": 2
        },
        "_dynamic": true,
        "_prevent_method_masking": false
    },
    "0": {
        "train mse": 1.9494949551187006
    },
    "1": {
        "train mse": 0.03988801608288504
    },
    "2": {
        "train mse": 0.01978609200667994
    },
    "3": {
        "train mse": 0.014440272678060076
    },
    "4": {
        "train mse": 0.012734695865088198
    },
    "5": {
        "train mse": 0.01212817852396563
    },
    "6": {
        "train mse": 0.011806444200429034
    },
    "7": {
        "train mse": 0.01145446456475071
    },
    "8": {
        "train mse": 0.011377941279851618
    },
    "9": {
        "train mse": 0.011234502876121327
    },
    "10": {
        "train mse": 0.010989717782912663
    },
    "11": {
        "train mse": 0.01099430352269885
    },
    "12": {
        "train mse": 0.0105621136012431
    },
    "13": {
        "train mse": 0.010312221802670104
    },
    "14": {
        "train mse": 0.011029739498794752
    },
    "15": {
        "train mse": 0.010000597543913466
    },
    "16": {
        "train mse": 0.009423299500415752
    },
    "17": {
        "train mse": 0.008809302155074316
    },
    "test": {
        "mse": 6.964286789298058
    },
    "used time": "0:05:20.182928"
}