{
    "time0": 9.161600828170776,
    "time1": 8.254059314727783,
    "time2": 8.20267105102539,
    "avg_time": 8.539443731307983,
    "std_time": 0.4404314387008423
}