{
    "time0": 15.139978885650635,
    "time1": 14.350110530853271,
    "time2": 14.329346418380737,
    "avg_time": 14.606478611628214,
    "std_time": 0.3773368909239162
}