{
    "config": {
        "_map": {
            "datasets": "LINUX",
            "gpu": 1,
            "lr": 0.001,
            "epochs": 18,
            "batch_size": 128,
            "verbose": true,
            "hidden_channels": 64,
            "gmn_num": 4,
            "model": "gmn",
            "k_cross": 1,
            "vaild_epoch": 17,
            "seed": 2
        },
        "_dynamic": true,
        "_prevent_method_masking": false
    },
    "0": {
        "train mse": 0.002601227745233922
    },
    "1": {
        "train mse": 0.0003503924535378934
    },
    "2": {
        "train mse": 0.0002274271375968141
    },
    "3": {
        "train mse": 0.00016621496022344606
    },
    "4": {
        "train mse": 0.0001281280501330159
    },
    "5": {
        "train mse": 0.0001015546075463173
    },
    "6": {
        "train mse": 8.666203545489417e-05
    },
    "7": {
        "train mse": 7.244085375552171e-05
    },
    "8": {
        "train mse": 6.42616153640827e-05
    },
    "9": {
        "train mse": 5.749526997777823e-05
    },
    "10": {
        "train mse": 5.2029468706745914e-05
    },
    "11": {
        "train mse": 4.8749006532869044e-05
    },
    "12": {
        "train mse": 4.124521301947647e-05
    },
    "13": {
        "train mse": 4.030257367309356e-05
    },
    "14": {
        "train mse": 3.675036849494706e-05
    },
    "15": {
        "train mse": 3.384682970696689e-05
    },
    "16": {
        "train mse": 3.1321962745562146e-05
    },
    "17": {
        "train mse": 2.9456075796390717e-05
    },
    "test": {
        "mse": 0.085964216850698
    },
    "used time": "0:31:57.415209"
}