{
    "time0": 16.284740924835205,
    "time1": 14.016493082046509,
    "time2": 14.108227968215942,
    "avg_time": 14.803153991699219,
    "std_time": 1.048309338145506
}