{
    "config": {
        "_map": {
            "datasets": "LINUX",
            "gpu": 3,
            "lr": 0.001,
            "epochs": 18,
            "batch_size": 128,
            "verbose": true,
            "model": "graphsim",
            "padding": 10,
            "reshape": 10,
            "k_cross": 1,
            "vaild_epoch": 17,
            "seed": 2
        },
        "_dynamic": true,
        "_prevent_method_masking": false
    },
    "0": {
        "train mse": 0.0019922706615816688
    },
    "1": {
        "train mse": 0.00027639725530686696
    },
    "2": {
        "train mse": 0.00017850300801269494
    },
    "3": {
        "train mse": 0.0001393005145636856
    },
    "4": {
        "train mse": 0.00013299482651989535
    },
    "5": {
        "train mse": 0.000147475689211876
    },
    "6": {
        "train mse": 0.0001293381565888987
    },
    "7": {
        "train mse": 0.00012723151032679924
    },
    "8": {
        "train mse": 0.00010840744687425778
    },
    "9": {
        "train mse": 9.55576562199572e-05
    },
    "10": {
        "train mse": 0.00010079774504625562
    },
    "11": {
        "train mse": 8.507440633515756e-05
    },
    "12": {
        "train mse": 7.996059482316163e-05
    },
    "13": {
        "train mse": 7.580641296913389e-05
    },
    "14": {
        "train mse": 7.257112186904354e-05
    },
    "15": {
        "train mse": 6.707220832727416e-05
    },
    "16": {
        "train mse": 7.769625037557327e-05
    },
    "17": {
        "train mse": 6.099272093078001e-05
    },
    "test": {
        "mse": 0.13049662811681628
    },
    "used time": "0:38:59.220048"
}