{
    "time0": 19.241047620773315,
    "time1": 18.194400548934937,
    "time2": 17.983768224716187,
    "avg_time": 18.47307213147481,
    "std_time": 0.5498067891686461
}