{
    "time0": 196.85413074493408,
    "time1": 194.9896080493927,
    "time2": 193.5058295726776,
    "avg_time": 195.11652278900146,
    "std_time": 1.369880943338017
}