{
    "time0": 2.2180681228637695,
    "time1": 1.2952675819396973,
    "time2": 1.238600254058838,
    "avg_time": 1.5839786529541016,
    "std_time": 0.448965394657563
}