{
    "time0": 7.31697940826416,
    "time1": 6.088810920715332,
    "time2": 6.139993906021118,
    "avg_time": 6.51526141166687,
    "std_time": 0.5672851922664545
}