{
    "time0": 663.2917511463165,
    "time1": 662.3903155326843,
    "time2": 658.0496702194214,
    "avg_time": 661.2439122994741,
    "std_time": 2.288454120269203
}