{
    "config": {
        "_map": {
            "datasets": "PTC",
            "gpu": 6,
            "lr": 0.001,
            "epochs": 10,
            "batch_size": 128,
            "hidden_size": 64,
            "gnn_type": "gin",
            "num_gnn": 3,
            "verbose": true,
            "model": "GEM_fusion",
            "k_cross": 1,
            "vaild_epoch": 9,
            "seed": 2,
            "doc": null,
            "pGin": false,
            "share_attention": true,
            "graph_level_pooling": "sum",
            "node_level_pooling": null,
            "fusion": "minkowski",
            "p": 2
        },
        "_dynamic": true,
        "_prevent_method_masking": false
    },
    "0": {
        "train mse": 0.00661791457040011
    },
    "1": {
        "train mse": 0.003104370626332014
    },
    "2": {
        "train mse": 0.0025817932587689214
    },
    "3": {
        "train mse": 0.0023051423605542675
    },
    "4": {
        "train mse": 0.0020983903272587985
    },
    "5": {
        "train mse": 0.0020093752799909114
    },
    "6": {
        "train mse": 0.0019077599416444841
    },
    "7": {
        "train mse": 0.0017960275506182764
    },
    "8": {
        "train mse": 0.0017892004387643952
    },
    "9": {
        "train mse": 0.001718872379306816
    },
    "test": {
        "mse": 1.9361848244443536
    },
    "used time": "0:03:34.538822"
}