{
    "config": {
        "_map": {
            "datasets": "PTC",
            "gpu": 1,
            "lr": 0.001,
            "epochs": 18,
            "batch_size": 128,
            "verbose": true,
            "model": "simgnn",
            "k_cross": 1,
            "vaild_epoch": 17,
            "seed": 2
        },
        "_dynamic": true,
        "_prevent_method_masking": false
    },
    "0": {
        "train mse": 0.012299753632957497
    },
    "1": {
        "train mse": 0.0066404605462462695
    },
    "2": {
        "train mse": 0.005185354756281139
    },
    "3": {
        "train mse": 0.0043785755090550126
    },
    "4": {
        "train mse": 0.003916785412177679
    },
    "5": {
        "train mse": 0.003754735949725552
    },
    "6": {
        "train mse": 0.003550014334291792
    },
    "7": {
        "train mse": 0.0033833290743417142
    },
    "8": {
        "train mse": 0.003315335662098579
    },
    "9": {
        "train mse": 0.0031194323959622913
    },
    "10": {
        "train mse": 0.0030385425985097908
    },
    "11": {
        "train mse": 0.003081679742689334
    },
    "12": {
        "train mse": 0.0028366343478015794
    },
    "13": {
        "train mse": 0.0028787877537585034
    },
    "14": {
        "train mse": 0.0026125058963760196
    },
    "15": {
        "train mse": 0.0026544654787116944
    },
    "16": {
        "train mse": 0.0026328835537494442
    },
    "17": {
        "train mse": 0.002549611440690021
    },
    "test": {
        "mse": 1.4510019682347775
    },
    "used time": "0:03:03.711426"
}