{
    "time0": 2.4858624935150146,
    "time1": 1.5801606178283691,
    "time2": 1.540003776550293,
    "avg_time": 1.8686756292978923,
    "std_time": 0.43672482716769656
}