{
    "time0": 35.65875172615051,
    "time1": 35.09098792076111,
    "time2": 34.76984715461731,
    "avg_time": 35.173195600509644,
    "std_time": 0.3675199870123938
}