{
    "config": {
        "_map": {
            "datasets": "IMDBMulti",
            "gpu": 0,
            "lr": 0.001,
            "epochs": 18,
            "batch_size": 128,
            "verbose": true,
            "hidden_channels": 64,
            "gmn_num": 4,
            "model": "gmn",
            "k_cross": 1,
            "vaild_epoch": 17,
            "seed": 2
        },
        "_dynamic": true,
        "_prevent_method_masking": false
    },
    "0": {
        "train mse": 0.006614322955743303
    },
    "1": {
        "train mse": 0.002067552594879875
    },
    "2": {
        "train mse": 0.0014906501593514847
    },
    "3": {
        "train mse": 0.0013354386924406402
    },
    "4": {
        "train mse": 0.0012718466313932435
    },
    "5": {
        "train mse": 0.0012195654053920744
    },
    "6": {
        "train mse": 0.0009145039338840807
    },
    "7": {
        "train mse": 0.0009151259079647975
    },
    "8": {
        "train mse": 0.0009697222697052226
    },
    "9": {
        "train mse": 0.0009667007107077807
    },
    "10": {
        "train mse": 0.0010282512556066838
    },
    "11": {
        "train mse": 0.000872814469788074
    },
    "12": {
        "train mse": 0.0010808459108057375
    },
    "13": {
        "train mse": 0.0010745530380782589
    },
    "14": {
        "train mse": 0.0010932592106976536
    },
    "15": {
        "train mse": 0.0010182016420832369
    },
    "16": {
        "train mse": 0.0010193430928341865
    },
    "17": {
        "train mse": 0.00103171462780855
    },
    "test": {
        "mse": 0.8480920805595815
    },
    "used time": "1:11:56.246867"
}