{
    "config": {
        "_map": {
            "datasets": "IMDBMulti",
            "gpu": 1,
            "lr": 0.001,
            "epochs": 18,
            "batch_size": 128,
            "verbose": true,
            "model": "simgnn",
            "k_cross": 1,
            "vaild_epoch": 17,
            "seed": 2
        },
        "_dynamic": true,
        "_prevent_method_masking": false
    },
    "0": {
        "train mse": 0.008458562371915184
    },
    "1": {
        "train mse": 0.0013321411995093082
    },
    "2": {
        "train mse": 0.000996717677368686
    },
    "3": {
        "train mse": 0.0008035988732693714
    },
    "4": {
        "train mse": 0.000668672337660111
    },
    "5": {
        "train mse": 0.0006170479349060586
    },
    "6": {
        "train mse": 0.0005662158477874768
    },
    "7": {
        "train mse": 0.0005230423874905132
    },
    "8": {
        "train mse": 0.000494470601004946
    },
    "9": {
        "train mse": 0.00046504660732682153
    },
    "10": {
        "train mse": 0.00045234949816670537
    },
    "11": {
        "train mse": 0.00042451382629157423
    },
    "12": {
        "train mse": 0.0004223284323015223
    },
    "13": {
        "train mse": 0.00041805346056514157
    },
    "14": {
        "train mse": 0.00038947672720898995
    },
    "15": {
        "train mse": 0.0003793159905364878
    },
    "16": {
        "train mse": 0.0003684442177044293
    },
    "17": {
        "train mse": 0.00035807803079855263
    },
    "test": {
        "mse": 0.4814349231310189
    },
    "used time": "0:48:03.958979"
}