{
    "time0": 24.25030779838562,
    "time1": 23.28896689414978,
    "time2": 22.509631156921387,
    "avg_time": 23.349635283152264,
    "std_time": 0.7119219445055842
}