{
    "time0": 37.38130235671997,
    "time1": 36.33018684387207,
    "time2": 36.23987364768982,
    "avg_time": 36.65045428276062,
    "std_time": 0.5181012119645689
}