{
    "time0": 12.481142282485962,
    "time1": 11.63510775566101,
    "time2": 11.89937424659729,
    "avg_time": 12.005208094914755,
    "std_time": 0.3534064777110938
}