{
    "config": {
        "_map": {
            "datasets": "LINUX",
            "gpu": 0,
            "lr": 0.001,
            "epochs": 18,
            "batch_size": 128,
            "verbose": true,
            "model": "EGSCT_generator",
            "k_cross": 1,
            "vaild_epoch": 17,
            "seed": 2
        },
        "_dynamic": true,
        "_prevent_method_masking": false
    },
    "0": {
        "train mse": 0.028591565908635697
    },
    "1": {
        "train mse": 0.0036632180208713743
    },
    "2": {
        "train mse": 0.0019556898635499564
    },
    "3": {
        "train mse": 0.0012002617264016827
    },
    "4": {
        "train mse": 0.0007810832521247644
    },
    "5": {
        "train mse": 0.0005238710158191925
    },
    "6": {
        "train mse": 0.000358848557057096
    },
    "7": {
        "train mse": 0.0002644686643157753
    },
    "8": {
        "train mse": 0.00019869885897466505
    },
    "9": {
        "train mse": 0.00016422328853137445
    },
    "10": {
        "train mse": 0.00013473028305697522
    },
    "11": {
        "train mse": 0.00011192464397504142
    },
    "12": {
        "train mse": 9.607040123030345e-05
    },
    "13": {
        "train mse": 8.698257414512749e-05
    },
    "14": {
        "train mse": 7.65867616265084e-05
    },
    "15": {
        "train mse": 6.715721714214356e-05
    },
    "16": {
        "train mse": 6.178459780192083e-05
    },
    "17": {
        "train mse": 5.601057653933281e-05
    },
    "test": {
        "mse": 0.5799676291644573
    },
    "used time": "0:36:20.168957"
}