{
    "time0": 300.517215013504,
    "time1": 305.6147162914276,
    "time2": 307.4608976840973,
    "avg_time": 304.53094299634296,
    "std_time": 2.9365065042016902
}