{
    "time0": 7.424285173416138,
    "time1": 5.165907144546509,
    "time2": 5.059425354003906,
    "avg_time": 5.883205890655518,
    "std_time": 1.0905743470742928
}