{
    "config": {
        "_map": {
            "datasets": "PTC",
            "gpu": 1,
            "lr": 0.001,
            "epochs": 18,
            "batch_size": 128,
            "verbose": false,
            "model": "graphsim",
            "padding": 109,
            "reshape": 54,
            "k_cross": 1,
            "vaild_epoch": 17,
            "seed": 2
        },
        "_dynamic": true,
        "_prevent_method_masking": false
    },
    "0": {
        "train mse": 0.008366204740715224
    },
    "1": {
        "train mse": 0.004978716042080715
    },
    "2": {
        "train mse": 0.004829357225652672
    },
    "3": {
        "train mse": 0.004715860544820316
    },
    "4": {
        "train mse": 0.004483735664321266
    },
    "5": {
        "train mse": 0.004536981506102034
    },
    "6": {
        "train mse": 0.0044286200553683725
    },
    "7": {
        "train mse": 0.004337249897737393
    },
    "8": {
        "train mse": 0.004326501241267984
    },
    "9": {
        "train mse": 0.004210659395342311
    },
    "10": {
        "train mse": 0.004198723929199244
    },
    "11": {
        "train mse": 0.004182524462258555
    },
    "12": {
        "train mse": 0.004216894594368985
    },
    "13": {
        "train mse": 0.004172689974636221
    },
    "14": {
        "train mse": 0.004069956257260483
    },
    "15": {
        "train mse": 0.004103812215504719
    },
    "16": {
        "train mse": 0.004239826335526824
    },
    "17": {
        "train mse": 0.004112214923005955
    },
    "test": {
        "mse": 1.8833429785445333
    },
    "used time": "0:15:16.196998"
}