{
    "time0": 261.24024200439453,
    "time1": 257.96026492118835,
    "time2": 258.54433369636536,
    "avg_time": 259.2482802073161,
    "std_time": 1.4285698989547084
}