{
    "time0": 9.647207498550415,
    "time1": 7.5106518268585205,
    "time2": 7.53999662399292,
    "avg_time": 8.232618649800619,
    "std_time": 1.0003371056916
}