{
    "config": {
        "_map": {
            "datasets": "AIDS700nef",
            "gpu": 1,
            "lr": 0.001,
            "epochs": 18,
            "batch_size": 128,
            "verbose": true,
            "model": "graphsim",
            "padding": 10,
            "reshape": 10,
            "k_cross": 1,
            "vaild_epoch": 17,
            "seed": 2
        },
        "_dynamic": true,
        "_prevent_method_masking": false
    },
    "0": {
        "train mse": 0.010678239515138367
    },
    "1": {
        "train mse": 0.0029001867604942382
    },
    "2": {
        "train mse": 0.002456882477810902
    },
    "3": {
        "train mse": 0.0021014462099859708
    },
    "4": {
        "train mse": 0.0019730077446941515
    },
    "5": {
        "train mse": 0.00186458900854521
    },
    "6": {
        "train mse": 0.0017317540973929406
    },
    "7": {
        "train mse": 0.001674973344904093
    },
    "8": {
        "train mse": 0.001613263889414105
    },
    "9": {
        "train mse": 0.001539984978823244
    },
    "10": {
        "train mse": 0.0014749892324275398
    },
    "11": {
        "train mse": 0.0014196233490013947
    },
    "12": {
        "train mse": 0.0013730671922686395
    },
    "13": {
        "train mse": 0.0013598434496120543
    },
    "14": {
        "train mse": 0.00128924347646163
    },
    "15": {
        "train mse": 0.0012638339785230228
    },
    "16": {
        "train mse": 0.0012345903912191756
    },
    "17": {
        "train mse": 0.0011968498130124994
    },
    "test": {
        "mse": 1.5810212353244424
    },
    "used time": "0:18:09.644653"
}