{
    "time0": 12.155266284942627,
    "time1": 11.292924880981445,
    "time2": 11.223646402359009,
    "avg_time": 11.557279189427694,
    "std_time": 0.4237855603186194
}