{
    "config": {
        "_map": {
            "datasets": "NCI109",
            "gpu": 5,
            "lr": 0.001,
            "epochs": 10,
            "batch_size": 128,
            "hidden_size": 64,
            "gnn_type": "gin",
            "num_gnn": 3,
            "verbose": true,
            "model": "GEM_fusion",
            "k_cross": 1,
            "vaild_epoch": 9,
            "seed": 2,
            "doc": null,
            "pGin": false,
            "share_attention": true,
            "graph_level_pooling": "sum",
            "node_level_pooling": null,
            "fusion": "minkowski",
            "p": 1
        },
        "_dynamic": true,
        "_prevent_method_masking": false
    },
    "0": {
        "train mse": 0.0013439228647103576
    },
    "1": {
        "train mse": 0.0008424227117130736
    },
    "2": {
        "train mse": 0.0007516068574628398
    },
    "3": {
        "train mse": 0.0007076587686139377
    },
    "4": {
        "train mse": 0.0006790227453489228
    },
    "5": {
        "train mse": 0.0006581447010064257
    },
    "6": {
        "train mse": 0.0006432055726366932
    },
    "7": {
        "train mse": 0.0006293961790251345
    },
    "8": {
        "train mse": 0.0006185195335080895
    },
    "9": {
        "train mse": 0.0006097179555418362
    },
    "test": {
        "mse": 3.487685229629278
    },
    "used time": "6:45:02.450753"
}