{
    "time0": 236.33162760734558,
    "time1": 234.65659928321838,
    "time2": 234.3856086730957,
    "avg_time": 235.12461185455322,
    "std_time": 0.8606293233482668
}