{
    "config": {
        "_map": {
            "datasets": "LINUX",
            "gpu": 2,
            "lr": 0.001,
            "epochs": 18,
            "batch_size": 128,
            "hidden_size": 64,
            "gnn_type": "gin",
            "num_gnn": 3,
            "verbose": true,
            "model": "GEM_fusion",
            "k_cross": 1,
            "vaild_epoch": 17,
            "seed": 2,
            "doc": null,
            "pGin": false,
            "share_attention": true,
            "graph_level_pooling": "sum",
            "node_level_pooling": null,
            "fusion": "minkowski",
            "p": 2
        },
        "_dynamic": true,
        "_prevent_method_masking": false
    },
    "0": {
        "train mse": 0.002353346190578834
    },
    "1": {
        "train mse": 0.000348759532964033
    },
    "2": {
        "train mse": 0.000190004581391732
    },
    "3": {
        "train mse": 0.00012997527333138937
    },
    "4": {
        "train mse": 9.182608340012642e-05
    },
    "5": {
        "train mse": 6.913055779423232e-05
    },
    "6": {
        "train mse": 5.3932410690295124e-05
    },
    "7": {
        "train mse": 4.399393769336077e-05
    },
    "8": {
        "train mse": 3.7509159579978785e-05
    },
    "9": {
        "train mse": 3.119207308287327e-05
    },
    "10": {
        "train mse": 2.8604876571399355e-05
    },
    "11": {
        "train mse": 2.398448093223994e-05
    },
    "12": {
        "train mse": 2.2003957310044806e-05
    },
    "13": {
        "train mse": 1.8569772122464396e-05
    },
    "14": {
        "train mse": 1.820895990561404e-05
    },
    "15": {
        "train mse": 1.6277751286007533e-05
    },
    "16": {
        "train mse": 1.4443982068327102e-05
    },
    "17": {
        "train mse": 1.4430655663907578e-05
    },
    "test": {
        "mse": 0.06159548502182588
    },
    "used time": "0:42:48.104532"
}